id;signatory_name;signatory_father_name;signatory_designation;address_1;address_2;address_3;address_4;address_5;email;pan_card_number
1;Phased connecting;Automated;architect;lavender;copying primary invoice;EXE;Personal Loan Account Chile foreground;connect Zimbabwe Dollar;Stacey.Schultz@gmail.com;Reduced Antigua and Barbuda
2;Customer SDD;AI didactic;Tunnel;Configuration;Jewelery monitoring Infrastructure;Gorgeous ROI implement;Saint Helena Pound;Borders;Vilma68@gmail.com;Tasty backing up Cambridgeshire
3;Borders Internal;open-source Ouguiya;AGP circuit;optical deposit;Pizza Fish next-generation;UIC-Franc;Generic El Salvador Colon US Dollar purple;XSS RSS Outdoors;Abigayle.Christiansen22@hotmail.com;Corporate Jewelery Tennessee
4;Bedfordshire Electronics asymmetric;website New York;exuding;Beauty synthesizing;Gorgeous;Beauty web services copying;deposit Mobility;solid state;Marta94@gmail.com;Chicken
5;Handmade Rubber Shoes proactive Checking Account;SCSI;Technician Architect calculate;Auto Loan Account;Movies Sports;target;compress UAE Dirham Dam;Wells;Herminio_Brakus@hotmail.com;Serbia
6;Guinea Franc fuchsia Licensed;Profound Plastic XSS;Chair mindshare Interactions;THX Coordinator;grid-enabled Specialist e-services;program override red;payment efficient RSS;Vietnam Mouse;Santa.Bosco77@gmail.com;connecting back up
7;back-end 4th generation;Principal Savings Account online;Music Savings Account;Ethiopian Birr architectures;Networked;Handcrafted Rubber Gloves;South Carolina;website Curve;Jamar.Bins39@gmail.com;Orchestrator port
8;El Salvador Colon US Dollar XSS;Lead sensor bypass;Configurable;Delaware Health Borders;Rupiah;back up Tactics;Borders;PCI;Alexanne35@gmail.com;benchmark Planner
9;Solomon Islands Dollar;overriding Rustic Metal Computer Web;circuit;Personal Loan Account;Generic Granite Gloves capacitor;Assurance Auto Loan Account cross-platform;indexing Handcrafted;Malta Auto Loan Account online;Luella.Bauch@yahoo.com;markets protocol Savings Account
10;Shoes HDD;utilisation;out-of-the-box Pizza;systems Sleek Wooden Towels Clothing;Fundamental Designer;Borders Intelligent whiteboard;Practical Steel Mouse;indexing;Sanford.Willms74@gmail.com;e-commerce bricks-and-clicks drive
