id;week_day;start_time;end_time
1;unleash;New Hampshire 24 hour;empowering Borders
2;Corporate Nevada payment;Cape Computers;Bedfordshire system engine
3;Granite;analyzer Monitored;Bulgaria system engine
4;GB card;Auto Loan Account;solid state
5;Checking Account systems Refined Granite Towels;withdrawal Station Egypt;quantifying
6;Refined;Bedfordshire intranet;Cotton
7;Consultant mint green Ergonomic;Granite EXE;Lebanese Pound attitude-oriented
8;withdrawal RAM calculating;deposit array;Intelligent Concrete Table Fresh
9;Cotton;Creative Personal Loan Account;Road Avon Oregon
10;systematic deposit magnetic;Fort virtual Personal Loan Account;Industrial Taka
