id;request_merchant_id;request_unique_transaction_no;request_txn_amount;request_currency_type;request_type_field_1;request_security_id;request_type_field_2;request_txtadditional_1;request_txtadditional_2;request_txtadditional_3;request_txtadditional_4;request_txtadditional_5;request_txtadditional_6;request_txtadditional_7;request_ru;request_check_sum;request_msg;response_merchant_id;response_unique_transaction_no;response_txn_reference_no;response_bank_reference_no;response_txn_amount;response_bank_id;response_bank_merchant_id;response_txn_type;response_currency_name;response_item_code;response_security_type;response_security_id;response_security_password;response_txn_date;response_auth_status;response_settlement_type;response_additional_info_1;response_additional_info_2;response_additional_info_3;response_additional_info_4;response_additional_info_5;response_additional_info_6;response_additional_info_7;response_error_status;response_error_description;response_check_sum;response_msg;jhi_user;request_txn_date;request_txn_time
1;Credit Card Account Pataca Function-based;collaboration Aruban Guilder;reintermediate efficient Producer;Hill Awesome Rubber Computer;Directives payment override;Indonesia;content;back up B2C invoice;Via enhance Cotton;Chair Producer Accounts;Switchable Kyat;Money Market Account;1080p;Rubber connecting back-end;Small Wooden Gloves Expanded viral;Incredible Integration;Bedfordshire navigating;Village;XML Sausages;Borders Planner navigating;Cambridgeshire;Granite quantifying;CFA Franc BEAC Syrian Arab Republic;back-end digital secured line;Graphic Interface;Keyboard;Future-proofed Metrics North Carolina;generating Granite FTP;Investment Account Rubber Legacy;Gloves Cambridgeshire revolutionize;withdrawal;Sleek Steel Hat;Versatile;San Marino;Cotton Money Market Account Optimization;solutions Refined deposit;Kids;withdrawal Shirt;South Carolina;Ferry;Cambridgeshire;Generic Metal Gloves Administrator Devolved;Rustic;data-warehouse Intelligent Saudi Riyal;Home Loan Account;2019-11-14;Sharable Polarised orange
2;Credit Card Account;navigating panel;AI Ports pink;Iraq Buckinghamshire;interface;Supervisor Inverse Granite;Jewelery logistical;Belize Dollar sky blue Savings Account;Sports;Personal Loan Account;primary;Sleek Cotton Computer intermediate withdrawal;compressing Rustic;Wooden FTP;alarm;cross-platform Investment Account;Key mobile Direct;Licensed withdrawal Quality;markets Extended programming;Triple-buffered;Stream withdrawal withdrawal;Points Polarised Senior;Cambridgeshire Computer;Analyst bandwidth Small Steel Computer;alarm Licensed Steel Computer Books;Buckinghamshire facilitate Green;holistic reboot invoice;e-business;Awesome invoice;Gorgeous Cotton Chair Ergonomic Cambridgeshire;regional compress Personal Loan Account;Djibouti Franc Music;Money Market Account;Generic Frozen Hat Camp Principal;back-end;Wall;Investment Account;Legacy Slovenia;deposit Steel;Unbranded Savings Account;seize;Japan maximize;Response;Research;tan TCP invoice;2019-11-14;copying SCSI compressing
3;Egypt invoice turquoise;calculating hard drive override;Intelligent Plastic Towels parse;Operations;panel;Metal;Licensed Manager Borders;copying;relationships quantify generate;array Delaware;Refined New York PNG;Keyboard Overpass;open-source;circuit Engineer Intelligent;SAS deposit;Saint Barthelemy;generating Savings Account Indian Rupee;haptic Macedonia;synthesizing;Sports back up ivory;navigate Croatian Kuna hack;implementation XML Liaison;deploy payment;SSL Savings Account reintermediate;Clothing Chair;Savings Account;Bacon evolve;Utah Mission;protocol Awesome;Oklahoma;Generic Granite Chicken Auto Loan Account;3rd generation copying;deposit Car;out-of-the-box mobile program;connecting Japan enable;policy;Cloned architect;Auto Loan Account;parse capacitor model;systems;Buckinghamshire Computer;methodologies calculating scale;Intranet mint green;holistic strategic;Netherlands Antillian Guilder;2019-11-14;Indiana Denar Paradigm
4;Brand systematic eyeballs;generate Estates Squares;View Buckinghamshire;deposit;circuit;District 1080p;bypass;Polarised;Cotton;Dynamic Ville Movies;Small Plastic Chair;content-based;Forward;Engineer;index Summit;actuating Shoes TCP;Generic Fresh Towels;back-end;deliverables;Unbranded Ameliorated;payment Liaison Vermont;streamline navigating open-source;sensor Strategist;Metal;mint green Kentucky Groves;Communications Director Computer;Fish;ROI;quantifying;Macedonia Executive;AI;Bahrain wireless Mali;Intelligent Summit;initiatives Frozen;overriding Bermudian Dollar (customarily known as Bermuda Dollar);AI Ports;Finland Licensed Granite Computer cross-platform;Associate neural;pink Synergized;Gibraltar;input Andorra yellow;invoice Pizza Enterprise-wide;Park Producer quantify;Bahamas;Hollow;2019-11-14;Hong Kong
5;primary reintermediate;navigating evolve;web services teal sky blue;executive;quantify motivating project;reinvent Human;Cape Verde Ridge;back-end methodology;customized Product Chips;Rubber green;customized;invoice Gloves schemas;Executive SCSI;1080p;toolset Administrator;Liaison Saint Helena Pound;challenge Agent;systems Keyboard Clothing;Sleek Clothing;Dynamic Fantastic matrix;cutting-edge;programming;Handmade copy;Turnpike quantifying Harbor;Networked transmitting;back-end Bike bandwidth;Ergonomic program platforms;out-of-the-box Extension calculate;e-commerce Louisiana;synthesizing Streets Engineer;Music feed;extranet;Movies Colombian Peso Unidad de Valor Real Pizza;Vision-oriented bypassing;Generic;Vatu Bedfordshire;sticky;Shoes;systems;Interactions SSL transmit;Handcrafted Fresh Ball invoice SMTP;Florida;deploy;Flats AI;Cotton web services;2019-11-14;Landing
6;Practical Soft Chair;Specialist Fresh card;Internal synthesize optical;Strategist;hard drive migration;Falkland Islands (Malvinas) invoice Courts;Bahamian Dollar;Ergonomic Concrete Bike Small Rubber Shoes;secured line;Incredible Focused;quantify Ergonomic Fresh Salad SCSI;matrices visionary Officer;Awesome Streamlined;4th generation interfaces zero tolerance;COM Norfolk Island Gorgeous Fresh Bike;Avon bandwidth;Lead Vatu;Refined Frozen Towels Beauty North Korean Won;support;Springs Rubber;Corporate initiatives;Web Pike;Pakistan Rupee Progressive Avon;Innovative;Cambridgeshire withdrawal Response;Shoal Analyst;withdrawal;Future;vertical;Checking Account Corporate;holistic;Highway Manors Savings Account;Investment Account holistic;Montana;Sports Movies;backing up;Gorgeous web-enabled redundant;tan empower;Response;bypassing mobile;Granite visionary Borders;Health Seychelles Rupee Tasty Cotton Keyboard;clear-thinking disintermediate mindshare;JSON Swedish Krona;Credit Card Account;2019-11-14;calculating
7;Creative driver THX;Handmade Concrete Bacon;Generic Fresh Chicken;Metal;online withdrawal;Rubber;Saint Kitts and Nevis Senior;Incredible out-of-the-box;bandwidth payment withdrawal;Home Loan Account Beauty deposit;Rubber Pizza Fish;Soft Global;connecting;Fresh Clothing relationships;Meadow;Maryland;Direct;Hawaii web-enabled transmitter;Refined Cotton Chicken navigating;Bulgarian Lev interactive;PNG;Flat cross-platform;Terrace Virginia index;success;Tools seamless;interface;Haiti Bedfordshire Table;Steel Legacy;Marketing value-added;withdrawal deposit;optimize redundant;artificial intelligence Uzbekistan Sum;Guinea overriding;Designer Course;Keyboard Analyst Ameliorated;Borders Liaison evolve;red;synergize Shirt Home;Granite Bedfordshire Fresh;Cotton Identity info-mediaries;e-markets Assistant Western Sahara;mission-critical;Shirt Tools Director;Wallis and Futuna Shoes Malawi;Cheese Streamlined;2019-11-14;B2C compressing
8;mint green Sleek Plastic Chicken contextually-based;connecting Guadeloupe Towels;Frozen platforms;indexing maroon;Producer SQL Money Market Account;bluetooth Fall;enable Refined Granite Fish Tunisia;Frozen;Investor array;Track Rustic Soft Cheese;Steel wireless;Trail;Usability;Applications;Executive Buckinghamshire;Borders function Bedfordshire;salmon index;Home Loan Account Central;Oregon SCSI;Knolls networks Auto Loan Account;South Dakota Applications;Executive;TCP;invoice success;Incredible Fresh Ball;Beauty Orchestrator;Mobility;connect;Kwanza bus Tugrik;withdrawal;transparent cross-platform;program;Data Industrial;olive Assistant Incredible;Books;next-generation payment Rustic Steel Cheese;transmit invoice program;Rial Omani Ergonomic target;Gorgeous infomediaries utilize;forecast;Generic multi-byte;Taka Industrial Sleek;neural-net Ergonomic Cambridgeshire;Reactive Cape Steel;whiteboard composite Synergistic;2019-11-14;virtual Marketing
9;transitional Garden;Streets Optimized;silver Kids;killer;hack cyan;Cambridgeshire Locks Tennessee;Bangladesh payment;Multi-lateral program;projection intermediate Nebraska;Frozen;port target Ball;Fresh Credit Card Account Gorgeous Soft Shirt;Small;Buckinghamshire;port;circuit Awesome Fresh Shoes;end-to-end;bypass system engine Refined;Concrete Texas;local area network solid state Chief;functionalities seize;Technician Ergonomic Australian Dollar;Maryland Web;feed Games Ball;SMTP Chips radical;Quality;Paradigm attitude-oriented Spur;invoice Ergonomic Plastic Shoes;syndicate ADP Locks;orchid;navigate Movies;override architectures navigating;program reintermediate RSS;THX indigo El Salvador Colon US Dollar;Home enable;deposit monitor utilisation;Fantastic Metal Fish Extensions;Senior 5th generation;Azerbaijanian Manat bypassing;Borders attitude-oriented calculating;Implemented;next-generation Clothing Frozen;Health interface;Tunisia;24/7 sensor;2019-11-14;Sleek Cotton Chicken copy Springs
10;override;Frozen RAM;Movies navigate;leading-edge Ball synergies;encompassing;firewall Future-proofed withdrawal;Toys monitoring;Virgin Islands, British IB;Toys Internal multi-byte;high-level maroon Gloves;Handmade Concrete Sausages Phased Berkshire;Sleek Metal Car West Virginia Representative;haptic;payment invoice Arkansas;sticky Re-contextualized orchid;Investor;virtual Indiana Frozen;New Zealand Regional Chicken;scalable collaborative;B2B sensor Togo;feed;Canadian Dollar;Health deposit Canyon;web services;Saint Martin;dot-com;Codes specifically reserved for testing purposes Generic upward-trending;connect Malta Table;Awesome Wooden Pizza Manors;Senior;hacking Strategist haptic;enhance invoice Intelligent;Optimization Administrator;Metrics Mayotte black;functionalities Savings Account;orchid;Supervisor;synthesizing;National Quality Markets;Metrics Producer;Pizza Springs;customer loyalty Profit-focused Prairie;Chips Rhode Island program;Checking Account backing up;dynamic Infrastructure Self-enabling;2019-11-14;gold
